{
  "top5": [
    [
      "Strawberry___Leaf_scorch",
      0.9904689192771912
    ],
    [
      "Potato___Early_blight",
      0.004815398249775171
    ],
    [
      "Apple___Cedar_apple_rust",
      0.0015728126745671034
    ],
    [
      "Tomato___Septoria_leaf_spot",
      0.001130536082200706
    ],
    [
      "Grape___Leaf_blight_(Isariopsis_Leaf_Spot)",
      0.0008629359654150903
    ]
  ],
  "uncertain": false,
  "threshold": 0.6,
  "image_size": [
    382,
    242
  ],
  "saved_at": "20251030-132814"
}